"yeosangology","avocado","spread","tortilla","","","","","","","","","","","",""
"","mag","nolia","ba","yan","masarap","kasi","yung","avocado","macchiato","nila","","","","",""
"sickamami","","","","","","","","","","","","","","",""
"avocado_sister_","","","mrscnlqvlo","","","","","","","","","","","",""
"mute","simply","love","seeing","guy","holding","fish","avi","saying","california","definitely","avocado","toast","","time",""
"","nuditea","saw","bird","breathing","feebly","sidewalk","amp","mind","racing","place","totally","bizarre","plumage","amp","crept"
"amp","bega","","","","","","","","","","","","","",""
"dumblosh","avocado","milosh","real","","","","","","","","","","","",""
"dang","it’s","tie","time","get","stitches","thumb","chopping","sweet","potatoes","drunk","","mo","","",""
"","conanxcone","eu","querendo","fazer","unf","spree","então","se","vc","é","neighbourhood","stan","conan","gray","stan"
"indie","geral","avocado","exol","shaw","","","","","","","","","","",""
"","","","","","","","pomodoro","melanzana","avocado","broccoli","cetriolo","peperoncino","pannocchia","di","mais"
"carota","aglio","cipolla","patat","","","","","","","","","","","",""
"","barackobama","kobe","legend","court","just","getting","started","just","meaningful","second","act","lose","g","",""
"favorite","thing","avocado","whenever","bring","men","sexually","assaulted","seems","always","tha","","","","",""
"avocado_plum","","","","","","","","","","","","","","",""
"","","","","","","","","dm","","","","","","",""
"","","","","","","","","","","","","","","",""
"","","","","","","","","","","","","","","",""
"katharinegk","really","vastly","easier","build","housing","job","rich","areas","attempt","forcibly","relocate","","","",""
"","kanro_pr","","","","","","","","","","","","","",""
"","","","","","","","","","","","","","","",""
"","","","","","","","","","","kanro_pr","","","","",""
"","","","","","","","","","","","","","","",""
"","greatfoodlover","bacon","egg","avocado","bacon","egg","avocado","food","sandwitchporn","foodies","food","","","",""
"","nuditea","saw","bird","breathing","feebly","sidewalk","amp","mind","racing","place","totally","bizarre","plumage","amp","crept"
"amp","bega","","","","","","","","","","","","","",""
"avocado_plum","","","","pay","","","","","","","","","","",""
"","","","","","","","","","","","","","","",""
"","pay","","","","","","","","","","","","","",""
"","yucho_pay","","","","","","","","","pay","","twitter","","amp",""
"","","","","","","","","","","","","","","",""
"","","","","","","yucho_pay","","","","","","","","",""
"","spoiledaalona","leaving","home","getting","back","safely","underrated","blessing","","","","","","",""
"avocado_plum","","","","","","","","","","","","","","",""
"","","","","","dm","","","","","","","","","",""
"","","","","","","","","","","","","","","",""
"","kirin_brewery","","","","","","","","","","","","","",""
"","","","","","","","","","","","","","","",""
"","","","kirin_brewery","","","","","","","","","","","",""
"","ochocinco","","","qefghjuycn","","","","","","","","","","",""
"dances","","","","","","","","","","","","","","",""
"ffs","im","gonna","liberate","north","korea","journo","speak","manager","haircut","whose","pinned","tweet","avocado","",""
"","","","","","","","","","","","","","","",""
"just","avocado","mayo","sandwhich","yum","","","","","","","","","","",""
"","luulubuu","twitter","may","well","known","network","never","reach","absolute","levels","disaster","tumblr","","","fg"
"","rachael_swindon","dear","fellow","remainers","really","must","boycott","new","","piece","happen","find","one","change","just"
"s","","","","","","","","","","","","","","",""
"subtanyarl","posisi","kan","pada","abis","foto","per","ekskul","terus","temen","cowo","aku","telat","masuk","kelas","dateng"
"dateng","bawa","goreng","","","","","","","","","","","","",""
"","avocadomods","doctor","series","","episode","","fugitive","judoon","","","","","","",""
"","nuditea","saw","bird","breathing","feebly","sidewalk","amp","mind","racing","place","totally","bizarre","plumage","amp","crept"
"amp","bega","","","","","","","","","","","","","",""
"","","damn","could’ve","met","nelly","t","pain","today","trying","professional","pop","room","lol","security","woul"
"","rachael_swindon","dear","fellow","remainers","really","must","boycott","new","","piece","happen","find","one","change","just"
"s","","","","","","","","","","","","","","",""
"","shannonsharpe","kobe","please","dream","kobe","can’t","gone","","","","","","","",""
"tried","beyond","meat","plant","based","sausages","first","time","today","love","promise","","","","",""
"","kieraplease","boyfriend","almost","never","","","","","","","","","","",""
"","jayversace","u","ever","see","woman","hoodie","fully","tied","bitch","call","cops","immediately","","",""
"avocado","want","honey","live","","glorious","pleasingly","plump","life","guacamole","","","srxxwmhsio","","",""
"","suurelee","avocado","guacamole","","","","","","","","","","","",""
"nikado","avocado","childish","whiney","even","funny","jesus","","","","","","","","",""
"just","catfish","po","boy","wit","avocado","amp","chipotle","aioli","sooo","gooood","","","","",""
"","nuditea","saw","bird","breathing","feebly","sidewalk","amp","mind","racing","place","totally","bizarre","plumage","amp","crept"
"amp","bega","","","","","","","","","","","","","",""
"see","avocado","sprout","screen","aeroponic","avocado","pinche","grow","fast","like","boost","jet","moto","like","",""
"","","","","","","","","","","","","","","",""
"","","mid","century","avocado","green","w","dark","green","trim","ceramic","divided","plates","fondue","asian","motif"
"","","","via","etsy","","","","","","","","","","",""
"","rachael_swindon","dear","fellow","remainers","really","must","boycott","new","","piece","happen","find","one","change","just"
"s","","","","","","","","","","","","","","",""
"","like","avocado","sandwich","","","","","","","","","","","",""
"grandmother","called","stupid","holding","avocado","head","help","","","","","","","","",""
"","authorkaraj","get","mouth","sores","cinnamon","itchy","ears","itchy","throat","avocado","certain","cooking","oils","make",""
"","daeryjn","fruit","represents","exo","members","suho","apple","current","red","hair","chen","avocado","idk","ppl","say"
"tho","baekhyun","","","","","","","","","","","","","",""
"join","us","feb","half","term","fun","waterstonesyork","kindly","sponsored","harrowells","entertainment","baby","c","","","iuusarmypn"
"","cnn","nba","legend","kobe","bryant","one","five","people","killed","helicopter","crash","calabasas","california","sources","tell"
"cnn","","","","","","","","","","","","","","",""
"","rachael_swindon","dear","fellow","remainers","really","must","boycott","new","","piece","happen","find","one","change","just"
"s","","","","","","","","","","","","","","",""
"","","","today's","avocado","","","","","","","","","","",""
"doctor","series","","episode","","fugitive","judoon","","","","","","","","",""
"middle","school","days","shooting","","s","pool","basketball","rule","faded","back","called","kobe","","allowed",""
"","phjxqfjula","","","","","","","","","","","","","",""
"","sublimesquirrel","ingredients","homemade","cake","squirrels","avocado","instead","sponge","chopped","almonds","cashew","nuts","wal","",""
"breaking","first","tomato","season","sacrificed","morning","unknown","avocado","ryvita","lovely","","","","","",""
"","","","","","","","","","","","","","","",""
"","","","","","","","","","","","","","","",""
"willst","du","meine","avocado","sein","","","","","","","","","","",""
"saturnables","fish","peperoni","pizza","cheese","pizza","ramen","noodles","hotdog","kim","chi","fried","rice","tteokbokki","pasta","carbonara"
"av","","","","","","","","","","","","","","",""
"","dierenlot","pas","op","dat","uw","huisdier","geen","avocado","binnenkrijgt","zij","kunnen","namelijk","een","avocado","vergiftiging"
"oplopen","lees","hier","hoe","het","","","","","","","","","","",""
"","rachael_swindon","dear","fellow","remainers","really","must","boycott","new","","piece","happen","find","one","change","just"
"s","","","","","","","","","","","","","","",""
"furryavocado","worth","wait","avocado","worry","","","","","","","","","","",""
"gna","make","avocado","toast","w","eggs","","","","","","","","","",""
"avocado_sister_","nuzzled","lap","comfy","comfy","acting","like","lil","puppy","enjoying","thoroughly","","","","",""
"avocado_si","country","","","","","","","","","","","","","",""
"","rachael_swindon","dear","fellow","remainers","really","must","boycott","new","","piece","happen","find","one","change","just"
"s","","","","","","","","","","","","","","",""
"can’t","stop","crying","like","gotta","take","away","another","favorite","legend","us","rip","kobe","","",""
"","sublimesquirrel","ingredients","homemade","cake","squirrels","avocado","instead","sponge","chopped","almonds","cashew","nuts","wal","",""
"","sublimesquirrel","ingredients","homemade","cake","squirrels","avocado","instead","sponge","chopped","almonds","cashew","nuts","wal","",""
"really","likes","mango","avocado","","","","","","","","","","","",""
"one","avocado","two","avocado","three","avocado","besitofresh","","","","","","","","",""
"two","prepared","saturated","orange","amp","rosemary","avocado","oil","seasoning","just","bourbon","brown","sugar","","",""
"peyote","bracelet","pattern","avocado","two","drop","even","count","seed","bead","beadwork","tutorial","","","vintavvvsv","avocado"
"","","","","","","","","","","","","","","",""
"kathi_avocado","t_t","","","","","","","","","","","","","",""
"know","looks","like","i’m","wearing","thing","pics","that’s","cause","","","","","","",""
"","apraider","mf","spend","","avocado","toast","","","","","","","","",""
"","tylerthecreator","fucking","hate","small","talk","just","stop","please","okay","sit","silence","fuckkk","dont","care","ur"
"kids","bro","","","","","","","","","","","","","",""
"nimsajg","avocado","tikka","ln","godly","","","","","","","","","","",""
"","baekhobass","thinking","jonghyun","cutting","avocado","half","including","pit","seed","","","","","",""
"","today's","avocado","","","","","","","","","","","","",""
"wanna","avocado","joel","eat","itsjoelpimentel","","","","","","","","","","",""
"high","note","","","","","","","","","","","","","",""
"","","just","know","share","genes","avocado","cephalopod","jelly","beans","","","","","",""
"","","","","","","","","","","","","","","",""
"koninginsennie","het","leven","ook","niet","zo","moeilijk","je","hebt","een","advocaat","en","een","avocado","",""
"","shimmyrunner","","today’s","avocado","","","","","","","","","","",""
"","support","farmers","worldwide","even","almond","avocado","farmers","lot","argument","bri","","","","",""
"awesome","promotion","long","live","avocado","","","","","","","","","","",""
"","sublimesquirrel","ingredients","homemade","cake","squirrels","avocado","instead","sponge","chopped","almonds","cashew","nuts","wal","",""
"","sunniandthecity","vanessa","kobe","since","","yrs","old","lose","love","life","child","just","unimaginable","pa",""
"canalaquimera","virou","avocado","mesmo","amo","","","","","","","","","","",""
"","sublimesquirrel","ingredients","homemade","cake","squirrels","avocado","instead","sponge","chopped","almonds","cashew","nuts","wal","",""
"","bewarmers","good","time","enjoy","life","life","short","get","bogged","discouraged","kobe","bryant","words","live",""
"amazfit","sofitfia","eat","boring","meals","everyday","breakfast","oatmeal","lunch","","","pieces","fruit","sandw","",""
"","","","","","","","","","","","","","","",""
"","","","","","make","sandwich","start","happy","day","open","fridge","grab","two","pieces","toasts"
"take","turke","","","roewxslwfq","","","","","","","","","","",""
"","meal","","","oz","grilled","chicken","","oz","broccoli","hass","avocado","put","garlic","lime","salt"
"mari","","","","","","","","","","","","","","",""
"","sheabooskyy","month","ago","newport","beach","kobe","witnessed","major","accident","stayed","comfort","victims","redirect","traffic","help"
"ingredients","homemade","cake","squirrels","avocado","instead","sponge","chopped","almonds","cashew","nuts","","","","",""
"smrz__","co","la","cuestión","es","meterse","beef","parece","ser","","","","","","",""
