"CensusTract","State","County","Urban","Pop2010","OHU2010","LowIncomeTracts","PovertyRate","MedianFamilyIncome","foodDesert"
"17031381800","Illinois","Cook County","1",1188,591,"1",23.4,60938,1
"42003483800","Pennsylvania","Allegheny County","1",3165,1485,"1",35.2,26336,1
"13117130612","Georgia","Forsyth County","1",5614,1740,"0",1.8,151944,1
"45091060905","South Carolina","York County","1",8916,3663,"0",17.3,60625,1
"6037501504","California","Los Angeles County","1",3592,1588,"1",24.3,45208,1
"48141010336","Texas","El Paso County","1",6638,1986,"0",13.7,56510,1
"31131966600","Nebraska","Otoe County","0",2128,822,"0",10.7,85703,1
"42129800100","Pennsylvania","Westmoreland County","1",1193,606,"1",41.9,25441,1
"13009970701","Georgia","Baldwin County","1",2632,815,"1",33,39958,1
"12103020208","Florida","Pinellas County","1",2300,1066,"1",20.4,56797,1
"6037406602","California","Los Angeles County","1",4973,1289,"0",7,84792,1
"24045010200","Maryland","Wicomico County","1",6142,2331,"1",21.7,51442,1
"25025050901","Massachusetts","Suffolk County","1",4165,1324,"1",17.7,54643,1
"26115833200","Michigan","Monroe County","0",4069,1437,"0",4,102986,1
"26021011000","Michigan","Berrien County","0",2801,1122,"0",7.3,68424,1
"35013000800","New Mexico","DoÃ±a Ana County","1",3400,1465,"1",29.5,37425,1
"26119910400","Michigan","Montmorency County","0",2372,1062,"1",19.6,49344,1
"6095252202","California","Solano County","1",9825,3034,"0",5.2,127500,1
"48201552102","Texas","Harris County","1",5928,2078,"0",1.1,80448,1
"25005650700","Massachusetts","Bristol County","1",2583,887,"1",37.3,34063,1
"20173005502","Kansas","Sedgwick County","1",5424,1943,"0",5.6,60020,1
"26099261500","Michigan","Macomb County","1",3094,1543,"1",7.9,59118,1
"12119911200","Florida","Sumter County","1",29677,16043,"0",3.7,75878,1
"40027200500","Oklahoma","Cleveland County","1",3797,1866,"1",32.4,71544,1
"1047956400","Alabama","Dallas County","1",3150,1175,"1",53.4,25191,1
"39035196200","Ohio","Cuyahoga County","1",3278,1405,"1",43.4,25549,1
"48439114206","Texas","Tarrant County","1",4468,1643,"0",11.8,112500,1
"6067009105","California","Sacramento County","1",2709,1054,"1",23.6,46283,1
"13153021201","Georgia","Houston County","0",7023,2444,"0",5.2,87433,1
"15003008405","Hawaii","Honolulu County","1",4664,1196,"0",2.5,117774,1
"36119007000","New York","Westchester County","1",6087,2375,"0",3,211583,1
"18183050600","Indiana","Whitley County","0",2015,748,"0",6.9,80500,1
"36103169901","New York","Suffolk County","1",5443,2300,"0",8.9,76679,1
"17031823302","Illinois","Cook County","1",5794,2438,"1",10.2,55357,1
"25011040300","Massachusetts","Franklin County","0",3032,1226,"0",3.5,91452,1
"39055311900","Ohio","Geauga County","0",6443,2279,"0",1.5,138929,1
"36047030600","New York","Kings County","1",2005,683,"1",21.6,62841,1
"17031050700","Illinois","Cook County","1",1418,680,"0",3.5,176875,1
"36059408000","New York","Nassau County","1",6324,2079,"0",1.5,128088,1
"26017280600","Michigan","Bay County","1",2812,1123,"1",25,46417,1
"17031819600","Illinois","Cook County","1",4010,1337,"0",2.5,166941,1
"9001070300","Connecticut","Fairfield County","1",1297,384,"1",72.2,7833,1
"6037910809","California","Los Angeles County","1",2235,727,"0",5.7,179643,1
"32003003423","Nevada","Clark County","1",6220,2004,"1",32.9,56027,1
"53067012620","Washington","Thurston County","0",4519,1779,"1",15.9,64563,1
"26163552000","Michigan","Wayne County","1",2817,909,"1",38.5,35417,1
"27087940300","Minnesota","Mahnomen County","0",2467,859,"1",20.9,54688,1
"21111011516","Kentucky","Jefferson County","1",3958,1813,"0",5.5,76513,1
"36119002402","New York","Westchester County","1",3356,1927,"0",5.8,76765,1
"8003960200","Colorado","Alamosa County","1",6342,2608,"0",20,69639,1
"12086000705","Florida","Miami-Dade County","1",4683,1929,"1",22.6,35463,1
"46107000100","South Dakota","Potter County","0",2329,1062,"0",7.1,64297,1
"6061021122","California","Placer County","1",3463,1303,"0",2.3,144397,1
"22033003904","Louisiana","East Baton Rouge Parish","1",6439,2805,"1",22.7,48105,1
"37171931200","North Carolina","Surry County","0",3711,1588,"0",12.6,71272,1
"17097861603","Illinois","Lake County","1",5899,2403,"0",2.1,129792,1
"17043844902","Illinois","DuPage County","1",4133,1624,"0",8.7,152935,1
"34005703801","New Jersey","Burlington County","0",6998,2486,"0",2,138434,1
"51710004100","Virginia","Norfolk city","1",2029,764,"1",82.8,11648,1
"6037404000","California","Los Angeles County","1",4474,1311,"0",11.3,81400,1
"6073017811","California","San Diego County","1",6355,2735,"0",5.5,125448,1
"13127000200","Georgia","Glynn County","1",4629,2139,"0",6.4,104782,1
"4013421201","Arizona","Maricopa County","1",4806,2390,"0",8.1,68620,1
"6085509902","California","Santa Clara County","1",4838,1846,"0",8.8,210250,1
"12095014502","Florida","Orange County","1",5065,1904,"1",35.3,26389,1
"36047063600","New York","Kings County","1",1236,464,"0",7.7,118511,1
"49049001106","Utah","Utah County","1",2946,876,"0",9.1,70000,1
"18105001303","Indiana","Monroe County","1",5503,2227,"0",6.9,87833,1
"55071000400","Wisconsin","Manitowoc County","1",4176,1776,"0",12.7,70104,1
"12117021404","Florida","Seminole County","1",6965,2780,"0",16.7,63981,1
"45023021000","South Carolina","Chester County","0",2242,900,"1",27.4,38750,1
"36059404901","New York","Nassau County","1",5214,1370,"0",1.2,111036,1
"18083955500","Indiana","Knox County","1",3126,1422,"1",19.7,42826,1
"37097061304","North Carolina","Iredell County","1",4705,1858,"1",10.5,58875,1
"36059412200","New York","Nassau County","1",5556,2087,"0",5.4,132500,1
"39113115012","Ohio","Montgomery County","1",5416,2207,"0",9,96250,1
"1105687100","Alabama","Perry County","0",3979,1548,"1",40.8,29018,1
"17119403702","Illinois","Madison County","0",5774,2070,"0",3.9,97500,1
"37131920100","North Carolina","Northampton County","0",5538,2340,"1",19.7,45525,1
"20173005900","Kansas","Sedgwick County","1",4446,1652,"1",20.1,45729,1
"41059940000","Oregon","Umatilla County","0",3027,1078,"0",19.5,68571,1
"12086008806","Florida","Miami-Dade County","1",4012,1240,"1",29,48355,1
"13097080510","Georgia","Douglas County","1",7344,2350,"0",14.5,79542,1
"29001950300","Missouri","Adair County","1",2951,1388,"1",39.3,52429,1
"6059075703","California","Orange County","1",4069,1357,"0",3,169267,1
"36081040300","New York","Queens County","1",6777,1540,"1",25,41951,1
"6075010200","California","San Francisco County","1",4143,2544,"0",5.3,164831,1
"42101035500","Pennsylvania","Philadelphia County","1",7282,2976,"0",15.6,75750,1
"33013038000","New Hampshire","Merrimack County","0",3965,1369,"0",7.6,75000,1
"26093744900","Michigan","Livingston County","0",2526,1044,"0",7.3,72159,1
"27053022700","Minnesota","Hennepin County","1",3876,1765,"0",4.4,90208,1
"6095253108","California","Solano County","1",4088,1517,"0",4.9,98125,1
"9003462202","Connecticut","Hartford County","1",2692,1170,"0",4.4,171944,1
"5035030202","Arkansas","Crittenden County","1",3157,1226,"0",6.4,77875,1
"51800075803","Virginia","Suffolk city","0",1455,546,"0",9.8,93523,1
"36067001400","New York","Onondaga County","1",3099,1056,"1",54.7,29808,1
"53061051912","Washington","Snohomish County","0",2286,831,"0",2.5,126583,1
"26081012604","Michigan","Kent County","1",5664,2060,"0",5.6,94135,1
"34017014102","New Jersey","Hudson County","1",5060,2234,"0",4.1,84095,1
"17197880304","Illinois","Will County","1",5387,1598,"0",4.2,175446,1
"15003010100","Hawaii","Honolulu County","0",7881,2457,"0",5.3,120547,1
"39095002600","Ohio","Lucas County","1",1345,514,"0",17.5,57969,1
"27037060509","Minnesota","Dakota County","1",5441,2281,"0",15.6,105382,1
"32003002000","Nevada","Clark County","1",3942,2177,"1",26.1,44135,1
"54003972000","West Virginia","Berkeley County","1",11756,4125,"0",17,74363,1
"34021003002","New Jersey","Mercer County","1",5717,1903,"0",1.9,126250,1
"36005006000","New York","Bronx County","1",1129,360,"1",38.5,33438,1
"13181970100","Georgia","Lincoln County","0",3707,1520,"0",16.2,69464,1
"6037137502","California","Los Angeles County","1",4202,1853,"0",6.1,152000,1
"48187210804","Texas","Guadalupe County","0",4029,1521,"0",8.3,80977,1
"25017342101","Massachusetts","Middlesex County","1",4457,1556,"1",15.9,45397,1
"13109970300","Georgia","Evans County","0",3889,1375,"1",32.4,37654,1
"1003010500","Alabama","Baldwin County","1",4815,1798,"0",14.3,69951,1
"51153901411","Virginia","Prince William County","1",5491,1728,"0",1.5,197813,1
"12099005931","Florida","Palm Beach County","1",3028,1947,"0",14.1,51573,1
"35001004001","New Mexico","Bernalillo County","1",4936,1516,"1",26.7,38429,1
"39067975900","Ohio","Harrison County","0",2280,987,"0",5.4,61500,1
"29189210703","Missouri","St. Louis County","1",3914,1641,"1",13.9,56602,1
"51109950202","Virginia","Louisa County","0",3682,1489,"0",16,74745,1
"39049007952","Ohio","Franklin County","1",7428,3245,"0",5.4,105040,1
"15003007810","Hawaii","Honolulu County","1",5450,1930,"0",1.5,136406,1
"24031700818","Maryland","Montgomery County","1",6078,2483,"1",19.7,56917,1
"21105970100","Kentucky","Hickman County","0",4902,2028,"0",15.4,54207,1
"12111380200","Florida","St. Lucie County","1",3085,1090,"1",68,15974,1
"41053005202","Oregon","Polk County","1",9136,3618,"0",7.1,78016,1
"37159051102","North Carolina","Rowan County","0",3774,1490,"1",29.6,59297,1
"24027601201","Maryland","Howard County","1",7544,2840,"0",7.1,122500,1
"6081608900","California","San Mateo County","1",6556,3025,"0",6.2,164821,1
"45019002005","South Carolina","Charleston County","1",5942,2384,"0",3.4,129375,1
"55129950200","Wisconsin","Washburn County","0",1767,791,"0",9.6,62188,1
"25017339400","Massachusetts","Middlesex County","1",3326,1472,"0",18.2,122083,1
"42049010400","Pennsylvania","Erie County","1",4832,1964,"0",7.4,77311,1
"55079070200","Wisconsin","Milwaukee County","1",5172,1780,"0",2.6,166136,1
"2122000400","Alaska","Kenai Peninsula Borough","0",6497,2646,"0",14.4,95594,1
"17031809600","Illinois","Cook County","1",3301,1132,"0",9.9,113036,1
"12031014800","Florida","Duval County","1",4869,1700,"1",24.3,33341,1
"42003430200","Pennsylvania","Allegheny County","1",4667,2091,"0",5.2,79459,1
"39151713700","Ohio","Stark County","1",2458,1012,"0",17.8,56375,1
"17031740100","Illinois","Cook County","1",3048,1209,"0",3.6,101250,1
"40147000700","Oklahoma","Washington County","1",5611,2233,"0",2.5,100521,1
"12117021306","Florida","Seminole County","1",7196,3065,"0",4.1,102719,1
"4021001304","Arizona","Pinal County","1",8772,2802,"0",10.3,72174,1
"32031002618","Nevada","Washoe County","1",5609,2004,"0",3.2,86441,1
"17095000300","Illinois","Knox County","1",4416,1984,"1",20.9,53510,1
"48157671800","Texas","Fort Bend County","1",3011,1155,"1",5.8,60946,1
"4013618500","Arizona","Maricopa County","1",3647,1502,"0",9,66625,1
"17089850600","Illinois","Kane County","1",7261,2719,"0",4,121974,1
"6037271901","California","Los Angeles County","1",3087,1286,"0",12.4,95625,1
"36081053401","New York","Queens County","1",1907,592,"1",4.8,71875,1
"48179950700","Texas","Gray County","1",2175,822,"1",20.9,34063,1
"21125970300","Kentucky","Laurel County","0",4233,1617,"1",23.8,45326,1
"6001410300","California","Alameda County","1",3536,892,"1",19,51182,1
"1021060402","Alabama","Chilton County","0",8776,3229,"1",21.9,53105,1
"24510080800","Maryland","Baltimore city","1",1281,476,"1",36.5,42500,1
"6037127604","California","Los Angeles County","1",2939,1137,"1",22.5,41818,1
"27123030400","Minnesota","Ramsey County","1",5764,2394,"1",32.9,41828,1
"51550020805","Virginia","Chesapeake city","1",5373,2057,"0",2.3,97009,1
"4013422646","Arizona","Maricopa County","1",7730,2188,"0",1.9,118837,1
"48491020605","Texas","Williamson County","1",6447,2161,"0",2.3,119730,1
"25021440100","Massachusetts","Norfolk County","1",8264,3303,"0",5.1,114801,1
"6107003400","California","Tulare County","0",7016,2073,"1",27.3,50040,1
"13013180402","Georgia","Barrow County","1",5993,2111,"1",11,53042,1
"19153011300","Iowa","Polk County","0",13584,4978,"0",3.5,113584,1
"12101032111","Florida","Pasco County","1",3073,1084,"0",6.3,104259,1
"9009142603","Connecticut","New Haven County","1",3960,2199,"1",33.3,39407,1
"23019015500","Maine","Penobscot County","0",2197,866,"1",13.4,54750,1
"36001014201","New York","Albany County","1",5768,2181,"0",8.3,118021,1
"47149040701","Tennessee","Rutherford County","0",8751,3179,"0",2.3,77124,1
"51119951000","Virginia","Middlesex County","0",3906,1610,"1",8.9,62308,1
"12099005940","Florida","Palm Beach County","1",1634,1223,"1",22.2,47422,1
"26125161000","Michigan","Oakland County","1",1909,895,"0",11.9,79792,1
"18043071103","Indiana","Floyd County","0",3918,1436,"0",1.9,105366,1
"6059099247","California","Orange County","1",3287,789,"1",10.5,64875,1
"32003003421","Nevada","Clark County","1",3301,1257,"1",16.6,50871,1
"9011650100","Connecticut","New London County","0",2406,1033,"0",2.3,110000,1
"44007015600","Rhode Island","Providence County","1",2399,980,"1",14.5,53529,1
"53015002100","Washington","Cowlitz County","1",4303,1914,"1",36.1,28365,1
"42107001600","Pennsylvania","Schuylkill County","1",4123,1726,"0",8,64567,1
"9001010600","Connecticut","Fairfield County","1",1845,1085,"0",8.7,103906,1
"42101027902","Pennsylvania","Philadelphia County","1",3873,895,"1",41,37283,1
"2130000400","Alaska","Ketchikan Gateway Borough","0",2268,818,"0",6.8,101923,1
"13245010105","Georgia","Richmond County","1",5000,2125,"0",10.7,63214,1
"6037108202","California","Los Angeles County","1",4895,1826,"0",4.4,139000,1
"40143006708","Oklahoma","Tulsa County","1",5598,1864,"0",2.8,128580,1
"12095015602","Florida","Orange County","1",2285,827,"0",1.9,135694,1
"6073020029","California","San Diego County","1",4819,1781,"1",22.2,51144,1
"38105953600","North Dakota","Williams County","0",2368,941,"0",7.7,121319,1
"1089002802","Alabama","Madison County","1",5829,2411,"0",7.6,88420,1
"6037109603","California","Los Angeles County","1",4252,1265,"1",20.7,63750,1
"53047970700","Washington","Okanogan County","0",4286,1646,"1",35.5,41630,1
"26125168400","Michigan","Oakland County","1",3538,1319,"0",1.9,151493,1
"4013422630","Arizona","Maricopa County","1",3870,1685,"1",24.9,39745,1
"28033070310","Mississippi","DeSoto County","1",3716,1567,"1",20.2,47417,1
"26115831200","Michigan","Monroe County","0",6611,2486,"1",21.9,57461,1
"6037241300","California","Los Angeles County","1",2313,664,"1",27.3,42279,1
"39095000800","Ohio","Lucas County","1",1576,609,"1",50.6,21702,1
"13009970100","Georgia","Baldwin County","0",5401,2075,"0",13.7,61011,1
"53035940100","Washington","Kitsap County","0",6149,2559,"0",8.6,82736,1
"21211040502","Kentucky","Shelby County","0",6424,2029,"0",11,93854,1
"48401950501","Texas","Rusk County","1",5138,1916,"1",15.8,53397,1
"36059519300","New York","Nassau County","1",5956,1893,"0",7.3,105476,1
"39113040306","Ohio","Montgomery County","1",5237,2084,"0",4.9,136378,1
"19019950300","Iowa","Buchanan County","0",3276,1268,"0",3.9,82949,1
"29189221424","Missouri","St. Louis County","1",4996,1725,"0",1.8,108025,1
"38101011300","North Dakota","Ward County","0",4677,1810,"0",6.7,82212,1
"48141001900","Texas","El Paso County","1",2997,1005,"1",72.2,16404,1
"24005490703","Maryland","Baltimore County","1",2497,1132,"0",9.5,136809,1
"17031829301","Illinois","Cook County","1",3982,1345,"0",12.2,98780,1
"1101005301","Alabama","Montgomery County","1",623,197,"0",1.6,60962,1
"36047048400","New York","Kings County","1",5481,1605,"1",31,53009,1
"6061020401","California","Placer County","1",2129,951,"1",25.4,43800,1
"36047012200","New York","Kings County","1",5339,1520,"1",30.9,38517,1
"34035051900","New Jersey","Somerset County","1",4122,1355,"0",2.5,117500,1
"26075006804","Michigan","Jackson County","0",5641,2131,"0",3.7,85491,1
"6037134201","California","Los Angeles County","1",4270,1154,"0",10.7,87143,1
"39025040701","Ohio","Clermont County","1",6313,2465,"0",9.3,81510,1
"17043845200","Illinois","DuPage County","1",4854,1482,"0",0.8,226786,1
"55105002500","Wisconsin","Rock County","1",2595,1107,"1",20.3,49273,1
"45035010606","South Carolina","Dorchester County","1",1752,710,"0",5.3,100688,1
"6019005906","California","Fresno County","0",2240,796,"0",12,85987,1
"42071012302","Pennsylvania","Lancaster County","1",3127,1326,"0",3.6,72222,1
"6001437800","California","Alameda County","1",4621,1307,"1",4.7,93350,1
"48439106515","Texas","Tarrant County","1",3824,1683,"1",20.3,44595,1
"55059002905","Wisconsin","Kenosha County","1",3874,1451,"0",8.3,83689,1
"26105950700","Michigan","Mason County","0",3139,1314,"1",20.7,47027,1
"48201340600","Texas","Harris County","1",2511,971,"0",1.8,118576,1
"18039001901","Indiana","Elkhart County","1",6676,2324,"1",29.7,52222,1
"36073040400","New York","Orleans County","1",3482,1428,"1",15.3,50147,1
"39061025500","Ohio","Hamilton County","1",4141,1671,"1",24.2,76250,1
"36081019600","New York","Queens County","1",2643,764,"0",8.6,76920,1
"4019004328","Arizona","Pima County","0",3400,2019,"0",2.9,67708,1
"48121021526","Texas","Denton County","1",6031,1780,"0",2.4,146174,1
"28081950700","Mississippi","Lee County","1",3695,1394,"1",25.6,36065,1
"22043020100","Louisiana","Grant Parish","0",2438,964,"1",25.4,57727,1
"36047116000","New York","Kings County","1",2543,821,"1",27.9,36821,1
"28079040700","Mississippi","Leake County","0",3374,1330,"1",31.6,40265,1
"35045000613","New Mexico","San Juan County","0",4197,1610,"0",10.9,60000,1
"34023003102","New Jersey","Middlesex County","1",4915,1731,"0",9.4,95037,1
"21111007601","Kentucky","Jefferson County","1",1949,1023,"0",9.2,82610,1
"18103952200","Indiana","Miami County","1",2931,1208,"1",20.2,48078,1
"26121002800","Michigan","Muskegon County","1",5945,2302,"0",6,74318,1
"37183054210","North Carolina","Wake County","1",7891,2765,"0",3.2,103257,1
"6113010310","California","Yolo County","1",5485,1775,"0",3.7,102425,1
"6037554518","California","Los Angeles County","1",5435,1640,"0",4.8,106369,1
"40041375700","Oklahoma","Delaware County","1",7657,3407,"0",13.6,58771,1
"40109108801","Oklahoma","Oklahoma County","1",6549,2548,"0",9.7,75438,1
"36055013603","New York","Monroe County","1",5471,1992,"0",2.8,85625,1
"42029303100","Pennsylvania","Chester County","0",4208,1420,"0",1.1,198947,1
"36047070600","New York","Kings County","1",2700,1023,"0",2.5,111875,1
"41047001803","Oregon","Marion County","1",5293,1163,"1",16.8,54865,1
"6037533703","California","Los Angeles County","1",4236,994,"1",20.7,45700,1
"6037504101","California","Los Angeles County","1",5126,1374,"0",10.3,74659,1
"12057010817","Florida","Hillsborough County","1",3687,1391,"1",42,25625,1
"49007000300","Utah","Carbon County","1",4461,1667,"1",31.2,43109,1
"21147960100","Kentucky","McCreary County","0",2472,896,"1",28.4,39444,1
"4013082207","Arizona","Maricopa County","1",2394,705,"0",15.1,58682,1
"6073019105","California","San Diego County","0",5722,2226,"0",6.5,103289,1
"48213950400","Texas","Henderson County","0",4461,1631,"0",7.3,57917,1
"26081010200","Michigan","Kent County","1",4137,1436,"1",19.7,55264,1
"48373210203","Texas","Polk County","0",6598,1046,"1",25.1,45921,1
"40009966100","Oklahoma","Beckham County","1",7400,2870,"0",14.9,63955,1
"4013816700","Arizona","Maricopa County","1",2348,622,"0",4.1,127333,1
"48113015206","Texas","Dallas County","1",3938,1264,"1",10.7,54014,1
"42017106402","Pennsylvania","Bucks County","1",7347,2666,"0",3.9,104759,1
"6037482303","California","Los Angeles County","1",5818,1517,"1",20.1,46000,1
"12099007602","Florida","Palm Beach County","1",4276,1794,"1",22.3,57656,1
"4013112302","Arizona","Maricopa County","1",6754,1756,"1",35.8,35231,1
"6073009102","California","San Diego County","1",3537,1797,"1",24.9,43125,1
"13261950300","Georgia","Sumter County","0",7711,2580,"1",31.8,39750,1
"6075030202","California","San Francisco County","1",4313,2084,"0",12.9,159695,1
"12086002702","Florida","Miami-Dade County","1",2553,1064,"1",28,53580,1
"27137003400","Minnesota","St. Louis County","1",1450,649,"1",15.4,61190,1
"48439105508","Texas","Tarrant County","1",6648,3230,"1",9,60975,1
"29095013612","Missouri","Jackson County","1",6101,2002,"0",1.2,147153,1
"26125194000","Michigan","Oakland County","1",4852,2179,"0",5.1,84232,1
"12115002100","Florida","Sarasota County","1",6291,2897,"0",5.7,101161,1
"17111871004","Illinois","McHenry County","0",6030,2216,"0",9.2,95304,1
"22055000200","Louisiana","Lafayette Parish","1",2257,898,"1",33.8,50107,1
"22051022101","Louisiana","Jefferson Parish","1",1401,615,"0",7.2,96466,1
"17033880200","Illinois","Crawford County","0",3568,1449,"1",13.2,60750,1
"36055011203","New York","Monroe County","1",2076,866,"0",3.2,80417,1
"8013013211","Colorado","Boulder County","1",5612,2039,"0",5.2,129000,1
"21019030200","Kentucky","Boyd County","1",1381,787,"1",58.4,23594,1
"39113003403","Ohio","Montgomery County","1",3481,122,"1",43.6,87188,1
"4013061031","Arizona","Maricopa County","1",3315,1105,"0",8.3,84779,1
"28051950100","Mississippi","Holmes County","0",4396,1657,"1",38.4,26393,1
"17197883402","Illinois","Will County","0",2033,867,"0",10,69500,1
"6059011715","California","Orange County","1",6369,2424,"0",6.8,117031,1
"21067003503","Kentucky","Fayette County","1",2498,1441,"1",15,51341,1
"34023008501","New Jersey","Middlesex County","1",5281,2065,"0",3.6,92114,1
"48067950100","Texas","Cass County","0",6621,2674,"1",19.2,54970,1
"53033024800","Washington","King County","1",5668,2246,"0",9.1,103153,1
"47023970100","Tennessee","Chester County","0",5870,2237,"0",14.4,54869,1
"36081006100","New York","Queens County","1",5644,2674,"0",9.2,79271,1
"42003486800","Pennsylvania","Allegheny County","1",1827,752,"1",28,36920,1
"51660000207","Virginia","Harrisonburg city","1",6931,1771,"1",74.3,32470,1
"39035112800","Ohio","Cuyahoga County","1",1015,515,"1",39.7,28056,1
"27123042002","Minnesota","Ramsey County","1",2379,1130,"1",16,67250,1
"32003000302","Nevada","Clark County","1",4673,1506,"1",34.9,22221,1
"21131920100","Kentucky","Leslie County","0",5535,2200,"1",32.3,43277,1
"37193960900","North Carolina","Wilkes County","0",5144,2230,"0",18.7,56563,1
"29071800902","Missouri","Franklin County","1",6727,2689,"1",14.7,57472,1
"6037482301","California","Los Angeles County","1",5162,1341,"1",16.6,41280,1
"29510115300","Missouri","St. Louis city","1",4958,1939,"1",26.4,47649,1
"54099020300","West Virginia","Wayne County","1",4733,2096,"0",18.2,55114,1
"36047042000","New York","Kings County","1",1896,518,"0",18.1,80972,1
"17009970500","Illinois","Brown County","1",4331,984,"0",12.1,71397,1
"8059009840","Colorado","Jefferson County","1",3685,1505,"0",3.6,96544,1
"12105014400","Florida","Polk County","0",7707,3369,"0",11.3,62598,1
"6001450750","California","Alameda County","1",3618,1697,"0",3.3,141681,1
"37119005816","North Carolina","Mecklenburg County","1",3872,1536,"0",3,131842,1
"12011092000","Florida","Broward County","1",3843,1471,"0",5.3,157822,1
"6037141101","California","Los Angeles County","1",4066,2248,"0",9.3,77525,1
"54095961800","West Virginia","Tyler County","0",3257,1364,"0",11.8,56563,1
"40031002100","Oklahoma","Comanche County","0",6966,2594,"0",9.4,72348,1
"53075000800","Washington","Whitman County","1",3521,1522,"0",11.9,83059,1
"30029000700","Montana","Flathead County","1",5790,2244,"1",8.9,53000,1
"19167070500","Iowa","Sioux County","0",2846,1079,"0",3.8,85524,1
"6005000402","California","Amador County","0",4740,2016,"0",12.9,73911,1
"51810045425","Virginia","Virginia Beach city","1",2976,984,"0",8.3,94659,1
"34027045402","New Jersey","Morris County","1",5266,1904,"0",11.7,100417,1
"22071002900","Louisiana","Orleans Parish","1",1156,448,"1",29.7,33977,1
"18003004101","Indiana","Allen County","1",2251,885,"1",16.1,46700,1
"19015020400","Iowa","Boone County","1",2554,981,"0",6.5,64987,1
"39061021702","Ohio","Hamilton County","1",4231,1803,"1",14.9,45855,1
"5131010202","Arkansas","Sebastian County","1",3853,1418,"0",13.1,69417,1
"41005021801","Oregon","Clackamas County","1",5612,2090,"0",2,103730,1
"6037403801","California","Los Angeles County","1",6212,2003,"0",11.4,80492,1
"47037018905","Tennessee","Davidson County","1",2898,1292,"0",11.6,62321,1
"48215023513","Texas","Hidalgo County","0",7271,1657,"1",42.9,33780,1
"11001008903","District of Columbia","District of Columbia","1",2633,1150,"1",26.4,26352,1
"34017019300","New Jersey","Hudson County","1",2813,1584,"0",7.5,154896,1
"42101034803","Pennsylvania","Philadelphia County","1",4390,1731,"0",5.4,82536,1
"49049010219","Utah","Utah County","1",4591,1119,"0",2.8,130069,1
"31055007508","Nebraska","Douglas County","0",2479,1026,"0",5.8,113864,1
"6037139504","California","Los Angeles County","1",3476,1737,"1",16.9,57750,1
"34023003203","New Jersey","Middlesex County","1",3352,1267,"0",3.9,100333,1
"32003005904","Nevada","Clark County","0",1738,862,"0",4.5,75139,1
"1101001800","Alabama","Montgomery County","1",3411,1486,"0",16.3,53561,1
"48281950100","Texas","Lampasas County","0",2730,1117,"0",11.9,68813,1
"36067000400","New York","Onondaga County","1",3707,1542,"1",20.6,67731,1
"13021013503","Georgia","Bibb County","1",2114,799,"1",20.9,50357,1
"40079040303","Oklahoma","Le Flore County","0",3843,1502,"0",19.6,59428,1
"55097961100","Wisconsin","Portage County","0",6321,2835,"0",14.9,69357,1
"18097350400","Indiana","Marion County","1",2579,1087,"1",23.5,49288,1
"6095253203","California","Solano County","1",4147,1529,"1",13.6,64784,1
"34009021500","New Jersey","Cape May County","1",2163,872,"1",17,71528,1
"1073012001","Alabama","Jefferson County","0",4408,1681,"0",13.2,66397,1
"6085503322","California","Santa Clara County","1",4173,994,"0",4.8,127917,1
"40143004200","Oklahoma","Tulsa County","1",2851,1317,"0",6.9,123500,1
"36103158103","New York","Suffolk County","1",4397,1297,"0",13.1,101012,1
"6037191820","California","Los Angeles County","1",2647,1225,"0",10.7,69918,1
"18035002700","Indiana","Delaware County","0",4963,2006,"0",11.7,74091,1
"36053030103","New York","Madison County","0",3680,1410,"0",4.8,78309,1
"4013217600","Arizona","Maricopa County","1",4298,2328,"1",20.4,42101,1
"41051009903","Oregon","Multnomah County","1",6219,2064,"0",1.3,101359,1
"55087011501","Wisconsin","Outagamie County","1",3353,1342,"0",11.3,65625,1
"6059099511","California","Orange County","1",3182,1753,"0",6.4,138750,1
"42017100307","Pennsylvania","Bucks County","1",5027,1946,"1",11.7,65000,1
"16001010332","Idaho","Ada County","1",11559,3758,"0",9,74000,1
"36081134700","New York","Queens County","1",9572,3870,"0",12.3,74123,1
"36081024700","New York","Queens County","1",1509,493,"0",7.8,75338,1
"4025000700","Arizona","Yavapai County","0",3972,1715,"0",17.1,60543,1
"53033021802","Washington","King County","1",5401,2103,"0",4.6,121471,1
"34019010200","New Jersey","Hunterdon County","0",7664,2690,"0",2.9,133750,1
"36087011101","New York","Rockland County","1",5873,1996,"0",5.8,139286,1
"12101030410","Florida","Pasco County","1",2149,1115,"1",18.7,37788,1
"26093731100","Michigan","Livingston County","0",3801,1278,"0",1.3,91327,1
"6029005801","California","Kern County","1",5997,1962,"0",10.2,89526,1
"34017001100","New Jersey","Hudson County","1",5409,1929,"1",16.6,70739,1
"28155950100","Mississippi","Webster County","0",4543,1774,"0",19.1,64394,1
"53053071808","Washington","Pierce County","1",3920,1525,"1",24.7,41414,1
"36055010601","New York","Monroe County","1",2643,1189,"1",17.1,58009,1
"25023520202","Massachusetts","Plymouth County","1",5575,2205,"0",3.4,108623,1
"53033029305","Washington","King County","1",3914,1270,"0",4.3,118537,1
"36063024102","New York","Niagara County","0",2662,988,"0",11.4,66563,1
"17197883505","Illinois","Will County","1",7889,2520,"0",0.4,124179,1
"12127091022","Florida","Volusia County","1",7540,2681,"0",9.6,58989,1
"4013618900","Arizona","Maricopa County","1",6215,2728,"0",12.8,68808,1
"6037106407","California","Los Angeles County","1",2933,822,"1",23.8,45208,1
"6059042338","California","Orange County","1",4580,1900,"0",5.6,134205,1
"15003008407","Hawaii","Honolulu County","1",3325,1067,"0",12.1,120750,1
"12103023800","Florida","Pinellas County","1",2332,1117,"0",6.4,107143,1
"51760050400","Virginia","Richmond city","1",2907,1257,"0",1,219844,1
"48167726100","Texas","Galveston County","0",2935,1468,"0",3.9,102083,1
"32003005503","Nevada","Clark County","1",3054,1422,"0",11.7,71207,1
"54049021400","West Virginia","Marion County","0",1941,814,"0",12.2,68807,1
"26163506300","Michigan","Wayne County","1",2352,791,"1",43.5,26458,1
"45059920502","South Carolina","Laurens County","0",6104,2286,"1",35.9,36490,1
"42071013502","Pennsylvania","Lancaster County","1",4229,1918,"0",6.3,75190,1
"53033032315","Washington","King County","1",5256,1879,"0",3.3,163919,1
"39023001102","Ohio","Clark County","1",2841,1205,"1",15.1,52006,1
"17089853007","Illinois","Kane County","1",5440,1704,"1",17.7,53932,1
"47037017401","Tennessee","Davidson County","1",2238,888,"1",15.5,49567,1
"51183870400","Virginia","Sussex County","0",1767,735,"1",23.4,50000,1
"42029308000","Pennsylvania","Chester County","1",5077,1831,"1",16.1,57321,1
"47165021006","Tennessee","Sumner County","0",3145,1084,"0",1.4,124786,1
"20177002701","Kansas","Shawnee County","1",4515,1964,"0",4.6,68750,1
"55079007400","Wisconsin","Milwaukee County","1",4122,555,"1",24.3,175417,1
"17089853500","Illinois","Kane County","1",7049,1712,"1",14.2,54653,1
"51087200414","Virginia","Henrico County","1",5815,1994,"0",7.4,97528,1
"12086005600","Florida","Miami-Dade County","1",4700,1748,"0",13.2,54432,1
"22057020202","Louisiana","Lafourche Parish","1",3470,1333,"0",7,86944,1
"32031000700","Nevada","Washoe County","1",5689,2469,"1",14.8,47500,1
"24021751702","Maryland","Frederick County","0",3567,1298,"0",9.9,107000,1
"18019050303","Indiana","Clark County","1",2560,1210,"1",20.4,46548,1
"36085017005","New York","Richmond County","1",4507,1624,"0",2.7,132829,1
"49035112503","Utah","Salt Lake County","1",4633,1684,"1",10.5,64356,1
"48349970200","Texas","Navarro County","1",5878,2119,"1",23.3,67639,1
"6085503315","California","Santa Clara County","1",7481,1919,"1",10.5,95455,1
"48439105513","Texas","Tarrant County","1",2889,1716,"1",32.7,27614,1
"51169030500","Virginia","Scott County","0",4015,1725,"1",13.4,54323,1
"26019000400","Michigan","Benzie County","0",2051,942,"0",10.9,67500,1
"47093004300","Tennessee","Knox County","1",2533,1096,"0",16.3,57016,1
"8059012038","Colorado","Jefferson County","1",3160,1167,"0",0.2,89931,1
"25027737200","Massachusetts","Worcester County","1",1747,829,"1",10.6,77250,1
"6085503122","California","Santa Clara County","1",3449,1153,"1",22.8,46055,1
"48201453000","Texas","Harris County","1",7857,2033,"1",24.7,47049,1
"12017451000","Florida","Citrus County","1",5941,2753,"1",13.2,46707,1
"6037600304","California","Los Angeles County","1",3424,961,"1",30.7,32983,1
"47119010302","Tennessee","Maury County","0",2709,1007,"0",2.6,83788,1
"42043022601","Pennsylvania","Dauphin County","1",7017,2910,"0",5.6,97173,1
"6037462001","California","Los Angeles County","1",3974,1116,"1",26.7,55402,1
"37147001302","North Carolina","Pitt County","1",5177,1976,"0",8.3,80417,1
"29055450102","Missouri","Crawford County","0",6187,2384,"1",16.7,51823,1
"26035000800","Michigan","Clare County","0",4283,1567,"1",18.6,55455,1
"6037232120","California","Los Angeles County","1",5263,1307,"1",26.3,41395,1
"53073000901","Washington","Whatcom County","1",6638,2824,"1",21,71311,1
"41051009102","Oregon","Multnomah County","1",6453,2146,"1",20.7,64397,1
"39007000702","Ohio","Ashtabula County","0",2971,1159,"0",13.6,60018,1
"22109000402","Louisiana","Terrebonne Parish","1",3730,1447,"0",12.8,79625,1
"36025971300","New York","Delaware County","0",2077,900,"1",16.7,59554,1
"46099001105","South Dakota","Minnehaha County","1",6085,2346,"0",6.6,79375,1
"48121021000","Texas","Denton County","1",5724,1330,"1",36.6,40811,1
"1073011206","Alabama","Jefferson County","1",5686,2094,"0",11,79199,1
"40077087200","Oklahoma","Latimer County","0",5960,2228,"1",21.1,48607,1
"32003003610","Nevada","Clark County","1",5504,1761,"0",7.4,71630,1
"13129970900","Georgia","Gordon County","0",6929,2480,"0",9.8,58311,1
"6085511915","California","Santa Clara County","1",3806,1226,"1",10.5,77273,1
"48303010508","Texas","Lubbock County","1",7927,2539,"0",11.7,83845,1
"26049012801","Michigan","Genesee County","0",4781,1743,"0",7.2,79500,1
"41051000901","Oregon","Multnomah County","1",3890,1760,"0",7.6,115673,1
"53033030004","Washington","King County","1",8055,3084,"1",25.2,51640,1
"8069002801","Colorado","Larimer County","1",3189,1546,"0",18.8,86078,1
"1095030300","Alabama","Marshall County","0",6430,2646,"0",9.5,71034,1
"12103027326","Florida","Pinellas County","1",3182,1737,"0",9.8,65417,1
"36081066701","New York","Queens County","1",2575,1034,"0",6.1,86656,1
"36081010500","New York","Queens County","1",4244,1670,"1",20,57727,1
"12113010706","Florida","Santa Rosa County","1",7722,2977,"0",13.7,62500,1
"12031010102","Florida","Duval County","1",10076,3529,"0",8.3,87294,1
"48201552103","Texas","Harris County","1",2954,959,"0",4.4,87604,1
"6037530004","California","Los Angeles County","1",3695,1216,"1",8.6,61125,1
"24033801804","Maryland","Prince George's County","1",2022,759,"1",10.7,83264,1
"17097861901","Illinois","Lake County","1",3788,1190,"1",11.2,57540,1
"6085503803","California","Santa Clara County","1",4477,1329,"1",6.7,96273,1
"27053026018","Minnesota","Hennepin County","1",6952,2450,"0",1.5,164602,1
"42045407805","Pennsylvania","Delaware County","1",1696,569,"0",1.7,114417,1
"48201251200","Texas","Harris County","1",5584,2046,"0",14,87500,1
"40143007306","Oklahoma","Tulsa County","1",5695,1941,"1",27.6,43803,1
"6077003802","California","San Joaquin County","1",6519,1647,"1",15,62146,1
"9011690300","Connecticut","New London County","1",6280,2436,"1",35.5,39044,1
"48001950500","Texas","Anderson County","1",4377,1604,"1",21.1,38397,1
"24021751201","Maryland","Frederick County","1",4757,1593,"0",4.5,122539,1
"28039950200","Mississippi","George County","1",2773,853,"0",19.2,53487,1
"51550021301","Virginia","Chesapeake city","1",5396,1836,"0",6.7,100349,1
"42103950502","Pennsylvania","Pike County","0",3163,1309,"0",4.8,80781,1
"55025010901","Wisconsin","Dane County","1",5652,2634,"0",3.9,125682,1
"31055007471","Nebraska","Douglas County","1",3595,1287,"0",8.6,123250,1
"26125181200","Michigan","Oakland County","1",6463,2580,"0",17.6,75755,1
"1103000200","Alabama","Morgan County","1",3623,1427,"0",8,88672,1
"29095014002","Missouri","Jackson County","0",1683,651,"0",8.8,99038,1
"18097357500","Indiana","Marion County","1",4034,1519,"1",23.9,49483,1
"34013017800","New Jersey","Essex County","1",3719,1219,"0",9,85485,1
"47157007100","Tennessee","Shelby County","1",2549,1067,"0",9.6,105893,1
"28049010804","Mississippi","Hinds County","1",1739,722,"1",9.1,47708,1
"40119010200","Oklahoma","Payne County","1",5507,2676,"1",42.8,47284,1
"6085512312","California","Santa Clara County","1",2899,913,"0",7.7,145625,1
"6089012500","California","Shasta County","0",1477,727,"1",25.2,53250,1
"25017321500","Massachusetts","Middlesex County","1",6898,2600,"0",11,88646,1
"19131560300","Iowa","Mitchell County","1",3846,1706,"0",10.6,65156,1
"12057002200","Florida","Hillsborough County","1",1580,684,"0",14.9,66250,1
"48029121501","Texas","Bexar County","1",7831,2690,"0",8.4,84364,1
"12099000600","Florida","Palm Beach County","1",1466,763,"1",20.4,55250,1
"6065043222","California","Riverside County","1",3842,1271,"0",8.6,115203,1
"12115001505","Florida","Sarasota County","1",4001,1500,"0",6.6,67039,1
"26121001800","Michigan","Muskegon County","1",4775,1766,"0",9.4,61750,1
"36047045300","New York","Kings County","1",2017,590,"1",38.1,38981,1
"12103026812","Florida","Pinellas County","1",4073,2043,"0",7.1,73516,1
"21035010301","Kentucky","Calloway County","1",3140,353,"1",53.3,64063,1
"24005404502","Maryland","Baltimore County","1",3743,1530,"1",18.4,56105,1
"29097011800","Missouri","Jasper County","1",4756,1806,"1",30.3,44886,1
"19033951000","Iowa","Cerro Gordo County","0",2864,1184,"0",8.5,75268,1
"39113020300","Ohio","Montgomery County","1",2628,1174,"0",3.7,117222,1
"6073017037","California","San Diego County","1",5880,2031,"0",10.4,113036,1
"2195000200","Alaska","Petersburg Borough","0",3815,1599,"0",8.2,78482,1
"38035010801","North Dakota","Grand Forks County","1",4428,1807,"0",19.4,87500,1
"12081002003","Florida","Manatee County","1",3993,1768,"0",7.1,95148,1
"26163581200","Michigan","Wayne County","1",3706,1751,"0",8.8,71603,1
"48121021739","Texas","Denton County","1",3585,1555,"1",29.9,37644,1
"40003956000","Oklahoma","Alfalfa County","0",2835,792,"0",6.5,59716,1
"13321950400","Georgia","Worth County","0",4590,1769,"1",19.7,47064,2
"18097342300","Indiana","Marion County","1",6471,2455,"1",30.3,41218,2
"12033001402","Florida","Escambia County","1",6163,2546,"1",14.6,52744,2
"28107950200","Mississippi","Panola County","0",2687,994,"1",34.7,37055,2
"41029001800","Oregon","Jackson County","1",7817,3752,"1",22.4,80923,2
"18089021800","Indiana","Lake County","1",3696,1439,"1",29,37260,2
"42055011200","Pennsylvania","Franklin County","1",2958,1140,"1",28.2,50861,2
"1089002300","Alabama","Madison County","1",5172,2197,"1",35,36157,2
"12073001801","Florida","Leon County","1",3966,1467,"1",37.1,35121,2
"51520020200","Virginia","Bristol city","1",5331,2387,"1",32.5,51540,2
"26163585600","Michigan","Wayne County","1",3545,1325,"1",26.4,53906,2
"37063001002","North Carolina","Durham County","1",5974,2002,"1",42.6,21760,2
"12086001301","Florida","Miami-Dade County","1",4545,2037,"1",22.8,42697,2
"22097960100","Louisiana","St. Landry Parish","0",2360,971,"1",28.5,34083,2
"42129806600","Pennsylvania","Westmoreland County","1",3180,1338,"0",14.9,64756,2
"48113017101","Texas","Dallas County","1",5144,1569,"1",16.2,57045,2
"36067005100","New York","Onondaga County","1",2434,862,"1",36.9,31961,2
"13121004000","Georgia","Fulton County","1",2231,870,"1",32.4,32163,2
"32003005703","Nevada","Clark County","0",1440,760,"1",7.1,36250,2
"6095250701","California","Solano County","1",2962,1011,"1",13.2,63587,2
"27123036700","Minnesota","Ramsey County","1",4222,1985,"1",8.7,76914,2
"48113012000","Texas","Dallas County","1",7184,2332,"1",24.2,34158,2
"48439104900","Texas","Tarrant County","1",2711,796,"1",17.3,48068,2
"36033950300","New York","Franklin County","0",5735,2283,"1",21.7,60984,2
"39115968900","Ohio","Morgan County","1",4007,1667,"1",19.3,45329,2
"39035104300","Ohio","Cuyahoga County","1",1603,901,"0",15,107333,2
"48453001000","Texas","Travis County","1",3656,1501,"1",12.2,56716,2
"8111972600","Colorado","San Juan County","0",699,344,"1",4.6,61719,2
"18097352800","Indiana","Marion County","1",1125,496,"1",21.3,32117,2
"48029171903","Texas","Bexar County","1",6626,2318,"1",14.4,53555,2
"6059099903","California","Orange County","1",5749,1457,"0",17.4,75750,2
"26163508000","Michigan","Wayne County","1",1343,696,"1",67.9,21513,2
"6067008913","California","Sacramento County","1",4145,1509,"1",11.4,59531,2
"8041000800","Colorado","El Paso County","1",2613,1323,"0",12.1,92885,2
"48201222800","Texas","Harris County","1",3561,894,"1",32.3,31435,2
"26125142100","Michigan","Oakland County","1",1636,562,"1",42.8,35197,2
"22083970600","Louisiana","Richland Parish","0",4154,1575,"1",24.6,51875,2
"20177003001","Kansas","Shawnee County","1",3370,1292,"0",16.7,58854,2
"42043023300","Pennsylvania","Dauphin County","1",4158,1559,"1",25.2,50536,2
"26121002000","Michigan","Muskegon County","1",3922,1531,"1",12.8,53076,2
"20001952600","Kansas","Allen County","0",2011,814,"0",7.1,66667,2
"26147624000","Michigan","St. Clair County","1",2014,856,"1",62.3,19816,2
"24510280200","Maryland","Baltimore city","1",4828,1826,"1",20,80758,2
"1073010302","Alabama","Jefferson County","1",4117,1601,"1",40.6,28664,2
"31031955900","Nebraska","Cherry County","0",1426,604,"0",12.7,63539,2
"8031003601","Colorado","Denver County","1",4651,1595,"1",23.5,40938,2
"17119400102","Illinois","Madison County","1",5603,2200,"1",29.6,55427,2
"53029970200","Washington","Island County","1",1633,275,"1",38.7,47946,2
"22009030700","Louisiana","Avoyelles Parish","0",7531,2250,"1",26.5,54567,2
"48113013615","Texas","Dallas County","1",5230,2239,"1",23.4,39976,2
"22019001600","Louisiana","Calcasieu Parish","1",5355,1361,"1",35.3,34250,2
"22079012800","Louisiana","Rapides Parish","1",1123,440,"1",17.5,36328,2
"29095011405","Missouri","Jackson County","1",3348,1297,"1",33.7,32679,2
"48249950500","Texas","Jim Wells County","1",6213,2087,"1",29,52580,2
"27053024903","Minnesota","Hennepin County","1",2301,775,"1",23.5,60861,2
"17183010100","Illinois","Vermilion County","0",3306,1324,"0",9.8,72995,2
"13047030500","Georgia","Catoosa County","1",5659,2503,"1",15.5,48875,2
"40079040500","Oklahoma","Le Flore County","0",5153,1991,"0",14.2,66071,2
"28029950200","Mississippi","Copiah County","0",4924,1877,"1",21.2,52813,2
"48277000300","Texas","Lamar County","0",6247,2459,"1",12.3,51515,2
"55107960400","Wisconsin","Rusk County","0",2981,1161,"1",12.2,54958,2
"17109010400","Illinois","McDonough County","1",7319,2975,"1",47.9,89922,2
"33005971300","New Hampshire","Cheshire County","1",3321,1513,"1",14.8,66627,2
"36057070200","New York","Montgomery County","1",2380,1122,"1",39.6,35000,2
"6071010020","California","San Bernardino County","1",7471,2505,"1",39.8,32329,2
"26065003700","Michigan","Ingham County","1",5262,2253,"1",27.2,48206,2
"13021012400","Georgia","Bibb County","1",4305,1603,"1",51.5,19718,2
"18089020500","Indiana","Lake County","1",3984,1230,"1",23,43293,2
"23019012500","Maine","Penobscot County","0",2561,1035,"0",13.4,56389,2
"49037978200","Utah","San Juan County","0",4904,1544,"0",17.9,75603,2
"48241950200","Texas","Jasper County","1",3475,1376,"0",15.9,62725,2
"48215021000","Texas","Hidalgo County","1",6520,2065,"1",36.5,28516,2
"29189213500","Missouri","St. Louis County","1",4983,2003,"1",9.8,59279,2
"6067006400","California","Sacramento County","1",5347,1719,"1",35.5,37452,2
"17131040200","Illinois","Mercer County","0",3754,1549,"1",22.3,54853,2
"18141001500","Indiana","St. Joseph County","1",3037,1269,"1",35.4,32314,2
"6111007100","California","Ventura County","1",6335,2670,"1",8.1,72167,2
"48443950100","Texas","Terrell County","0",984,430,"1",15,51023,2
"18141002900","Indiana","St. Joseph County","1",1170,321,"1",33.7,38218,2
"12085000800","Florida","Martin County","1",2088,774,"1",27.9,49000,2
"45019004300","South Carolina","Charleston County","1",2542,1036,"1",37.9,35625,2
"42013011002","Pennsylvania","Blair County","1",4226,1671,"1",14.5,53947,2
"29083950500","Missouri","Henry County","1",3995,1691,"1",19,47436,2
"36049950100","New York","Lewis County","0",2675,1028,"1",11.8,59358,2
"6115040600","California","Yuba County","1",6130,1846,"1",17.7,52622,2
"26107960500","Michigan","Mecosta County","1",4027,1714,"1",39.7,39091,2
"17003957700","Illinois","Alexander County","0",2172,907,"1",15.3,50268,2
"47093002700","Tennessee","Knox County","1",2496,1036,"1",39.1,25917,2
"13067030700","Georgia","Cobb County","1",4092,1629,"1",19,50058,2
"39153504400","Ohio","Summit County","1",1491,548,"1",47.3,26863,2
"19113001800","Iowa","Linn County","1",3149,1486,"1",7.6,56186,2
"51730810500","Virginia","Petersburg city","1",4455,1849,"1",28.9,40667,2
"9003420500","Connecticut","Hartford County","1",5442,2446,"0",5,91083,2
"12091021400","Florida","Okaloosa County","1",1489,489,"1",9.4,51281,2
"6071005300","California","San Bernardino County","1",5516,1570,"1",29.7,44464,2
"17103000600","Illinois","Lee County","1",3519,1510,"1",17,56928,2
"48063950200","Texas","Camp County","1",4825,1736,"1",20.6,57083,2
"18089012600","Indiana","Lake County","1",2707,903,"1",29.3,34694,2
"31181965100","Nebraska","Webster County","0",1838,845,"1",15.7,48359,2
"39023000400","Ohio","Clark County","1",2229,995,"1",38.6,32500,2
"16011950300","Idaho","Bingham County","0",5914,1847,"1",14.2,51023,2
"9009125300","Connecticut","New Haven County","1",5540,2119,"1",14.5,67917,2
"8071000100","Colorado","Las Animas County","0",3930,1688,"1",22.9,52805,2
"8041001700","Colorado","El Paso County","1",1564,826,"1",12.4,52230,2
"30111000300","Montana","Yellowstone County","1",4011,1551,"1",18.6,46992,2
"55105001600","Wisconsin","Rock County","1",5050,1796,"1",41.3,28906,2
"39099802400","Ohio","Mahoning County","1",2890,1163,"1",32.9,36442,2
"42051260500","Pennsylvania","Fayette County","0",6519,2533,"1",25.2,60861,2
"55107960500","Wisconsin","Rusk County","1",3709,1626,"1",19.4,50179,2
"36013036700","New York","Chautauqua County","0",4257,1444,"1",17,54844,2
"4013103306","Arizona","Maricopa County","1",3619,1120,"1",35.4,34788,2
"40109101500","Oklahoma","Oklahoma County","1",1656,754,"0",18.3,86607,2
"34029731201","New Jersey","Ocean County","1",4337,2798,"1",9.6,46250,2
"39035172103","Ohio","Cuyahoga County","1",4914,2850,"1",9.2,51125,2
"26125162500","Michigan","Oakland County","1",3483,1638,"0",15.9,66887,2
"27053026819","Minnesota","Hennepin County","1",4498,1958,"1",30.6,39091,2
"6065030400","California","Riverside County","1",6414,1592,"1",18.9,46622,2
"55053960300","Wisconsin","Jackson County","0",4077,1641,"0",10.6,66300,2
"12115002402","Florida","Sarasota County","1",3370,1858,"0",7.3,79514,2
"42017105812","Pennsylvania","Bucks County","1",1732,607,"0",4.9,92586,2
"5119003607","Arkansas","Pulaski County","1",5004,1831,"1",20.3,44838,2
"13089022700","Georgia","DeKalb County","1",4433,1685,"0",7.9,141434,2
"39029951800","Ohio","Columbiana County","1",3279,1366,"1",31.6,33500,2
"8031004103","Colorado","Denver County","1",5093,2087,"0",3.4,122266,2
"42007602800","Pennsylvania","Beaver County","1",2635,1205,"1",29.8,45704,2
"48113008400","Texas","Dallas County","1",9859,2662,"1",18.1,43803,2
"5093010900","Arkansas","Mississippi County","0",2768,923,"1",27.7,39063,2
"39061010300","Ohio","Hamilton County","1",1713,574,"1",32.8,29913,2
"37081011400","North Carolina","Guilford County","1",5291,1751,"1",60.3,19583,2
"39049002800","Ohio","Franklin County","1",2629,1173,"1",40.1,34898,2
"39035101101","Ohio","Cuyahoga County","1",1783,850,"1",43.8,29464,2
"26161413000","Michigan","Washtenaw County","1",3876,1556,"1",21.2,53072,2
"40147000900","Oklahoma","Washington County","1",2293,847,"1",29.9,30341,2
"17117956200","Illinois","Macoupin County","0",2519,1064,"1",15.1,61204,2
"45045003704","South Carolina","Greenville County","1",3818,1402,"1",27.5,39901,2
"13095010302","Georgia","Dougherty County","1",5627,1657,"1",51.9,23032,2
"9003510800","Connecticut","Hartford County","1",3143,1491,"1",10.4,56096,2
"12009065121","Florida","Brevard County","1",6262,2781,"1",13.7,52609,2
"51770000100","Virginia","Roanoke city","1",3794,1562,"1",24.1,46506,2
"12091020500","Florida","Okaloosa County","1",6934,2634,"0",17.6,67017,2
"16061950300","Idaho","Lewis County","0",36,19,"0",12.1,53750,2
"48467950200","Texas","Van Zandt County","1",3376,1229,"1",24.3,48661,2
"6065043508","California","Riverside County","1",7014,2563,"1",21.5,59955,2
"36103158007","New York","Suffolk County","1",9216,26,"0",0,120625,2
"48409010800","Texas","San Patricio County","1",4544,1488,"1",23.6,43750,2
"31047968000","Nebraska","Dawson County","0",2584,977,"0",9.3,63306,2
"19113002700","Iowa","Linn County","1",1549,762,"1",37,46186,2
"29105960100","Missouri","Laclede County","0",8360,3209,"0",12.3,54219,2
"55007960400","Wisconsin","Bayfield County","0",4926,2141,"0",11.1,61172,2
"28151000600","Mississippi","Washington County","1",2986,1099,"1",53,19508,2
"28109950600","Mississippi","Pearl River County","1",4352,1760,"1",26.6,43813,2
"20173005800","Kansas","Sedgwick County","1",4404,1542,"1",22.8,35385,2
"20175965900","Kansas","Seward County","1",6803,2150,"1",16.8,51400,2
"42007601600","Pennsylvania","Beaver County","1",1500,658,"1",13.7,61161,2
"48201531200","Texas","Harris County","1",3162,1381,"0",10,71917,2
"38101010700","North Dakota","Ward County","1",7038,3174,"0",15,75123,2
"27123031802","Minnesota","Ramsey County","1",3730,1489,"1",11.3,59880,2
"12031002801","Florida","Duval County","1",4777,1885,"1",33,32232,2
"12071000504","Florida","Lee County","1",2489,877,"1",33.6,33165,2
"45045002106","South Carolina","Greenville County","1",3363,1346,"1",30.5,31691,2
"36015001100","New York","Chemung County","1",3541,1406,"1",11.2,61328,2
"45091061602","South Carolina","York County","1",5312,1994,"1",10.3,54191,2
"24015030400","Maryland","Cecil County","1",4901,1803,"1",38.7,37776,2
"13135050520","Georgia","Gwinnett County","1",4737,1930,"1",19.4,57787,2
"51760060500","Virginia","Richmond city","1",5858,2878,"1",22.5,75728,2
"34015501604","New Jersey","Gloucester County","1",7654,2586,"0",6.2,96661,2
"39153505900","Ohio","Summit County","1",2423,1062,"1",20.8,36897,2
"20061000600","Kansas","Geary County","1",5838,1439,"1",15.6,42885,2
"41051009301","Oregon","Multnomah County","1",6045,2155,"1",26.9,48151,2
"45079010403","South Carolina","Richland County","1",3875,1965,"0",15.3,57245,2
"22083970500","Louisiana","Richland Parish","1",4869,1840,"1",48.6,26354,2
"24001000500","Maryland","Allegany County","1",2734,1044,"1",34.4,43616,2
"17167002700","Illinois","Sangamon County","1",3406,1576,"1",16.1,53438,2
"48113004100","Texas","Dallas County","1",1155,393,"1",41.8,24444,2
"29189213900","Missouri","St. Louis County","1",2189,734,"1",45.5,26622,2
"26017281300","Michigan","Bay County","1",3168,1305,"1",16.3,38819,2
"12005001200","Florida","Bay County","1",3269,1249,"1",28.4,49783,2
"22073000500","Louisiana","Ouachita Parish","1",3238,1453,"1",28.5,36976,2
"18097358000","Indiana","Marion County","1",1458,530,"1",26.9,45417,2
"48027022200","Texas","Bell County","1",3258,1493,"1",23.1,40575,2
"9009352200","Connecticut","New Haven County","1",2689,913,"1",37.5,31225,2
"37067000802","North Carolina","Forsyth County","1",2100,610,"1",58.2,21354,2
"22089062800","Louisiana","St. Charles Parish","1",4726,1659,"1",25.1,46633,2
"1073000800","Alabama","Jefferson County","1",3859,1658,"1",31.7,31250,2
"12113010600","Florida","Santa Rosa County","1",6115,2447,"1",15.8,51076,2
"42003504100","Pennsylvania","Allegheny County","1",5243,2435,"1",12.4,56417,2
"48215024301","Texas","Hidalgo County","0",1595,506,"1",27.3,41250,2
"34021002902","New Jersey","Mercer County","1",4740,1829,"1",7.8,77464,2
"46103010600","South Dakota","Pennington County","1",3451,1491,"1",17.1,54899,2
"22033002400","Louisiana","East Baton Rouge Parish","1",2682,1205,"1",33.3,31750,2
"4013112508","Arizona","Maricopa County","1",2148,632,"1",36.8,32717,2
"22027950400","Louisiana","Claiborne Parish","1",3567,1434,"1",46.5,23304,2
"51810040600","Virginia","Virginia Beach city","1",5879,2387,"1",16.7,46018,2
"17197882300","Illinois","Will County","1",4259,1541,"1",14.7,62194,2
"20065952100","Kansas","Graham County","0",996,465,"1",12.5,57917,2
"37135011400","North Carolina","Orange County","1",3834,1539,"1",42.8,168810,2
"44007017900","Rhode Island","Providence County","1",3049,1328,"1",35.7,36010,2
"42049001900","Pennsylvania","Erie County","1",1887,877,"1",26.7,32500,2
"4015950500","Arizona","Mohave County","0",1446,689,"1",27.3,33323,2
"4019002801","Arizona","Pima County","1",2330,1111,"1",37.5,43611,2
"39085202100","Ohio","Lake County","1",2373,1109,"1",14.9,41742,2
"6111007000","California","Ventura County","1",3907,1528,"0",14.7,87792,2
"22015010400","Louisiana","Bossier Parish","1",1753,631,"1",46.8,26250,2
"17163500900","Illinois","St. Clair County","1",3813,1488,"1",49.8,18827,2
"55025000600","Wisconsin","Dane County","1",5647,2064,"1",20.2,35906,2
"39113000900","Ohio","Montgomery County","1",3133,1194,"1",37,42750,2
"53065950100","Washington","Stevens County","0",7292,3158,"1",16,54009,2
"40051000400","Oklahoma","Grady County","1",3277,1321,"1",23.9,47287,2
"47157021620","Tennessee","Shelby County","1",3089,1120,"1",23,80855,2
"12099000205","Florida","Palm Beach County","1",5674,2136,"0",16.6,72260,2
"35031943600","New Mexico","McKinley County","0",5846,1665,"1",44.9,27297,2
"40109108010","Oklahoma","Oklahoma County","1",3058,1254,"1",17.5,51625,2
"4013115600","Arizona","Maricopa County","1",3864,1067,"1",30.5,40489,2
"42129802600","Pennsylvania","Westmoreland County","1",3627,1537,"1",21.8,63245,2
"51620090200","Virginia","Franklin city","1",3812,1549,"1",29.2,31215,2
"50019951500","Vermont","Orleans County","0",2562,1136,"1",22.2,46563,2
"12127080805","Florida","Volusia County","1",5688,2530,"1",17.1,43229,2
"47093000100","Tennessee","Knox County","1",1605,984,"1",29.8,113750,2
"48503950200","Texas","Young County","0",4493,1857,"0",10.5,64527,2
"6065043507","California","Riverside County","1",6700,2279,"1",24.6,34290,2
"36093021002","New York","Schenectady County","1",2341,1136,"1",49.8,39000,2
"20173008200","Kansas","Sedgwick County","1",6401,2290,"1",13.8,51181,2
"1073000100","Alabama","Jefferson County","1",3042,1128,"1",39.7,32107,2
"29189210300","Missouri","St. Louis County","1",3466,1365,"1",20.1,44830,2
"31055002800","Nebraska","Douglas County","1",3584,1048,"1",19.1,48333,2
"26141950500","Michigan","Presque Isle County","0",2679,1147,"0",11.7,59360,2
"27123031100","Minnesota","Ramsey County","1",3750,1344,"1",17.1,54123,2
"6015000102","California","Del Norte County","1",3769,1446,"1",36,47961,2
"1045020100","Alabama","Dale County","0",3823,1538,"0",16,56393,2
"22067950800","Louisiana","Morehouse Parish","1",3718,1401,"1",46.6,27227,2
"13285960501","Georgia","Troup County","1",4412,1719,"1",29.5,45726,2
"46135966100","South Dakota","Yankton County","1",3038,1386,"1",12.9,55871,2
"8069001306","Colorado","Larimer County","1",2003,660,"1",23.2,45946,2
"22049970100","Louisiana","Jackson Parish","0",2868,1209,"1",25.1,42969,2
"36093020300","New York","Schenectady County","1",1683,564,"1",29.3,38068,2
"48181000700","Texas","Grayson County","1",3971,1557,"1",19.3,48972,2
"6075060502","California","San Francisco County","1",3216,961,"1",36,30179,2
"37051000500","North Carolina","Cumberland County","1",2194,942,"1",47.4,28315,2
"6029003114","California","Kern County","1",7654,2311,"1",24.2,53690,2
"53033026002","Washington","King County","1",7911,2907,"1",20.7,64167,2
"35031943700","New Mexico","McKinley County","0",3854,1177,"1",37.2,32804,2
"12127082100","Florida","Volusia County","1",4569,1659,"1",55.3,21202,2
"39017012200","Ohio","Butler County","1",3226,1434,"1",31.6,42377,2
"51730810900","Virginia","Petersburg city","1",3461,1380,"1",23,33801,2
"4013092705","Arizona","Maricopa County","1",3702,1132,"1",13,48867,2
"17131040300","Illinois","Mercer County","1",3918,1687,"0",7.1,81250,2
"48215022702","Texas","Hidalgo County","1",5474,1700,"1",33.6,31883,2
"47157007000","Tennessee","Shelby County","1",3324,1323,"1",25.3,27331,2
"22051027703","Louisiana","Jefferson Parish","1",4091,1314,"1",21.1,43326,2
"5003960100","Arkansas","Ashley County","0",1928,775,"1",25.5,44286,2
"48479001001","Texas","Webb County","1",4768,1480,"1",31.5,44044,2
"28135950300","Mississippi","Tallahatchie County","0",5459,1098,"1",25.9,42872,2
"45025950800","South Carolina","Chesterfield County","0",2778,1060,"1",25.4,36481,2
"36049950600","New York","Lewis County","0",1818,748,"1",16.1,53690,2
"4013422104","Arizona","Maricopa County","1",5807,2402,"1",24.3,48451,2
"20209044301","Kansas","Wyandotte County","1",2300,957,"1",21.4,61346,2
"49005000401","Utah","Cache County","1",3338,1146,"0",18.4,63026,2
"16005000800","Idaho","Bannock County","1",2916,1223,"1",50.5,36776,2
"51710001600","Virginia","Norfolk city","1",1678,753,"1",22.3,58170,2
"48387950100","Texas","Red River County","0",2645,1166,"1",17.7,51875,2
"48365950100","Texas","Panola County","0",4740,1850,"1",13.2,54792,2
"22071000903","Louisiana","Orleans Parish","1",508,193,"1",40.1,24861,2
"22067950500","Louisiana","Morehouse Parish","1",4491,1770,"1",43.8,27000,2
"53053071706","Washington","Pierce County","1",1909,751,"1",15.6,50653,2
"29023950400","Missouri","Butler County","1",3323,1371,"1",31.8,32763,2
"9001044400","Connecticut","Fairfield County","1",3572,1199,"1",16.6,59125,2
"42085030300","Pennsylvania","Mercer County","1",3449,1473,"1",21.5,56042,2
"51590001000","Virginia","Danville city","1",3703,1570,"1",38.2,32684,2
"19153005000","Iowa","Polk County","1",4076,1155,"1",35.5,40871,2
"18095001100","Indiana","Madison County","1",2585,934,"1",33.2,49167,2
"54059957100","West Virginia","Mingo County","0",4275,1673,"1",26.9,40508,2
"9009125400","Connecticut","New Haven County","1",3394,1376,"1",20.2,50938,2
"21085950700","Kentucky","Grayson County","0",2296,975,"1",26,54107,2
"28001000400","Mississippi","Adams County","1",3208,1271,"1",55,16346,2
"29510107400","Missouri","St. Louis city","1",2788,931,"1",41.5,27245,2
"40021978000","Oklahoma","Cherokee County","1",4123,1740,"1",25.7,46829,2
"53029970100","Washington","Island County","0",2604,1044,"0",4.4,74526,2
"48303010402","Texas","Lubbock County","0",2065,762,"0",19.9,68704,2
"26099255700","Michigan","Macomb County","1",1768,712,"1",15.7,51094,2
"6071009709","California","San Bernardino County","1",6356,1934,"1",21.7,54375,2
"48375013000","Texas","Potter County","1",1695,658,"1",23.5,38925,2
"53033028403","Washington","King County","1",4986,2239,"1",8.1,63953,2
"35029000500","New Mexico","Luna County","1",4338,1718,"1",34.9,44779,2
"48167724600","Texas","Galveston County","1",1793,579,"1",58.2,19722,2
"46007941000","South Dakota","Bennett County","0",1619,543,"1",27.1,55313,2
"36063023700","New York","Niagara County","1",2059,1026,"1",29.2,37560,2
"48485010400","Texas","Wichita County","1",2392,1003,"1",37.2,24655,2
"51770000900","Virginia","Roanoke city","1",5361,2220,"1",45.3,26570,2
"47037010904","Tennessee","Davidson County","1",2888,1152,"1",41.1,31587,2
"36101962400","New York","Steuben County","1",3035,1372,"1",13.4,60491,2
"17163503411","Illinois","St. Clair County","1",3391,1352,"1",22.5,62383,2
"20165972200","Kansas","Rush County","0",2074,935,"0",8.4,69750,2
"48029130300","Texas","Bexar County","1",3303,1011,"1",26.2,35243,2
"17135958000","Illinois","Montgomery County","0",5809,1605,"1",16.4,63750,2
"9011697000","Connecticut","New London County","1",4768,2088,"1",14.8,50383,2
"48029120502","Texas","Bexar County","1",5155,1864,"1",31.8,36941,2
"51770002300","Virginia","Roanoke city","1",6971,2957,"1",18.7,56212,2
"41005021900","Oregon","Clackamas County","1",3515,1384,"1",20.8,63841,2
"1073010401","Alabama","Jefferson County","1",3765,1469,"1",32.2,40492,2
"42081001000","Pennsylvania","Lycoming County","1",3071,1336,"1",22.9,58250,2
"48453002108","Texas","Travis County","1",3143,1273,"1",15.1,61953,2
"48265960600","Texas","Kerr County","1",7512,2675,"1",24.1,50156,2
"39099800400","Ohio","Mahoning County","1",951,459,"1",18.2,46406,2
"48215020501","Texas","Hidalgo County","1",5232,1704,"1",31.5,35532,2
"8041006200","Colorado","El Paso County","1",4669,1911,"1",31.9,37473,2
"37067001602","North Carolina","Forsyth County","1",3077,1258,"1",45.1,25972,2
"39099802600","Ohio","Mahoning County","1",1806,738,"1",29.3,48194,2
"42019910400","Pennsylvania","Butler County","1",3625,1241,"1",35,79805,2
"12031011800","Florida","Duval County","1",3121,1104,"1",39,44861,2
"47019070500","Tennessee","Carter County","1",4108,1728,"1",17.1,46875,2
"18089041500","Indiana","Lake County","1",1650,672,"1",57.1,19493,2
"48047950100","Texas","Brooks County","0",2042,743,"1",34,29786,2
"48093950400","Texas","Comanche County","0",2016,777,"0",14.2,56555,2
"37135011300","North Carolina","Orange County","1",2926,1161,"1",53.7,37656,2
"17057953900","Illinois","Fulton County","0",2907,1195,"1",16.8,52550,2
"48375012800","Texas","Potter County","1",5053,1611,"1",25.6,40456,2
"29035960100","Missouri","Carter County","0",3728,1458,"1",17.8,50188,2
"17025971900","Illinois","Clay County","0",2517,987,"0",9.6,65231,2
"45019004000","South Carolina","Charleston County","1",2762,961,"1",27.3,32083,2
"6065043001","California","Riverside County","0",5593,1670,"1",23.3,43514,2
"21107971300","Kentucky","Hopkins County","1",5143,1999,"0",16.5,55607,2
"17031827000","Illinois","Cook County","1",3624,1188,"1",31.3,40662,2
"26053950600","Michigan","Gogebic County","1",2897,1331,"1",22.4,51700,2
"47113000500","Tennessee","Madison County","1",4531,1427,"1",45.8,22729,2
"47037014200","Tennessee","Davidson County","1",2249,851,"1",55.4,16518,2
"4019940800","Arizona","Pima County","0",4462,1218,"1",52.3,26250,2
"21111005300","Kentucky","Jefferson County","1",2180,592,"1",50.5,26618,2
"55067960700","Wisconsin","Langlade County","1",4126,1846,"0",19.6,60313,2
"17097862401","Illinois","Lake County","1",3766,1252,"1",25,42091,2
"13127000501","Georgia","Glynn County","1",3843,1546,"1",30.5,37384,2
"39049006942","Ohio","Franklin County","1",1167,537,"1",25.4,42083,2
"53011042400","Washington","Clark County","1",1995,796,"1",27.1,74250,2
"26033971000","Michigan","Chippewa County","0",2922,1258,"0",11.3,61806,2
"4019003600","Arizona","Pima County","1",4552,1214,"1",15.8,49861,2
"39049009337","Ohio","Franklin County","1",3857,1468,"1",29.1,40094,2
"37017950200","North Carolina","Bladen County","0",3366,1294,"1",26.5,43098,2
"6079012800","California","San Luis Obispo County","1",1107,44,"1",45.6,7500,2
"6025012400","California","Imperial County","0",1266,706,"1",15.1,43419,2
"48029181808","Texas","Bexar County","1",1478,646,"1",24.1,95089,2
"22071012900","Louisiana","Orleans Parish","1",1397,761,"1",23.3,76830,2
"39153504500","Ohio","Summit County","1",1934,712,"1",32.2,30288,2
"20169000100","Kansas","Saline County","1",5598,2539,"1",19.1,50078,2
"8077001302","Colorado","Mesa County","1",4909,1842,"0",4.4,75058,2
"36049950700","New York","Lewis County","0",5000,2006,"1",11,61250,2
"36105951800","New York","Sullivan County","1",6354,2543,"1",22.9,47070,2
"39099804300","Ohio","Mahoning County","1",968,396,"1",37.1,31429,2
"12105013702","Florida","Polk County","1",5252,1957,"1",25.3,48424,2
"28163950300","Mississippi","Yazoo County","1",4612,1601,"1",46.8,25799,2
"48453001100","Texas","Travis County","1",5512,3113,"0",13.8,225986,2
"35009000100","New Mexico","Curry County","1",4966,1599,"1",37.7,30013,2
"39127966200","Ohio","Perry County","1",6073,2288,"1",27.2,44945,2
"51680000500","Virginia","Lynchburg city","1",367,235,"1",29.2,62188,2
"6039000502","California","Madera County","1",10473,2645,"1",18.9,46377,2
"8087000700","Colorado","Morgan County","1",5979,2286,"1",13.4,57764,2
"55003950500","Wisconsin","Ashland County","0",2201,797,"0",9.2,66935,2
"34011010200","New Jersey","Cumberland County","0",5178,1880,"1",17.8,52853,2
"22057020500","Louisiana","Lafourche Parish","1",5935,2278,"0",15.9,53770,2
"31055006000","Nebraska","Douglas County","1",4155,1415,"1",28.1,31667,2
"28035001000","Mississippi","Forrest County","1",4344,2057,"1",47.3,41875,2
"25009205600","Massachusetts","Essex County","1",3881,1524,"1",27.7,45417,2
"33011010500","New Hampshire","Hillsborough County","1",3903,1702,"1",23.7,43545,2
"8101001000","Colorado","Pueblo County","1",4758,1751,"1",41.3,35441,2
"34023007402","New Jersey","Middlesex County","1",4827,1828,"0",5.5,95278,2
"48303001300","Texas","Lubbock County","1",3254,1073,"1",31.5,38684,2
"13007960200","Georgia","Baker County","0",1253,510,"1",10.1,53112,2
"51650010400","Virginia","Hampton city","1",6628,2714,"1",37.8,45038,2
"26021002100","Michigan","Berrien County","1",2649,1028,"1",29,29306,2
"28053950200","Mississippi","Humphreys County","0",2574,981,"1",45.8,31458,2
"48305950400","Texas","Lynn County","0",1917,734,"1",14.3,52366,2
"5143010600","Arkansas","Washington County","1",6485,3223,"1",32.5,35489,2
"48439103602","Texas","Tarrant County","1",2105,803,"1",37.2,37986,2
"37119003802","North Carolina","Mecklenburg County","1",3414,1353,"1",32.7,37333,2
"13245010511","Georgia","Richmond County","1",3380,948,"1",40.7,24931,2
"48061010601","Texas","Cameron County","1",8795,2843,"1",34.6,36667,2
"48215024302","Texas","Hidalgo County","0",1641,489,"1",68.2,21296,2
"49035111500","Utah","Salt Lake County","1",1794,685,"1",22.7,47667,2
"37119004400","North Carolina","Mecklenburg County","1",4249,1455,"1",11.3,46810,2
"16049960400","Idaho","Idaho County","0",1389,704,"1",12.2,42750,2
"27053100400","Minnesota","Hennepin County","1",2961,975,"1",43.7,31316,2
"1041963900","Alabama","Crenshaw County","0",1408,592,"0",18.7,56688,2
"18153050300","Indiana","Sullivan County","1",5745,2420,"1",14.4,52242,2
"48469000202","Texas","Victoria County","1",5475,1785,"1",26.6,43937,2
"28005950200","Mississippi","Amite County","0",3632,1525,"1",33.5,32215,2
"48141010311","Texas","El Paso County","1",6997,2177,"0",16.2,66429,2
"42037051200","Pennsylvania","Columbia County","1",4261,1974,"1",27.6,71622,2
"48355001601","Texas","Nueces County","1",4738,1585,"1",27,36534,2
"6081611900","California","San Mateo County","1",10325,2526,"0",8.7,100763,2
"26109960200","Michigan","Menominee County","0",4088,1619,"1",13.3,54969,2
"8077000800","Colorado","Mesa County","1",8230,2764,"1",18.5,54676,2
"1055000200","Alabama","Etowah County","1",3660,1445,"1",29.4,34452,2
"6077002701","California","San Joaquin County","1",6409,1755,"1",24.3,43664,2
"48029190200","Texas","Bexar County","1",4375,2069,"0",19.5,95250,2
"37129011400","North Carolina","New Hanover County","1",1420,653,"1",35.4,34356,2
"34029736002","New Jersey","Ocean County","0",1603,621,"0",2.4,93333,2
"6029003600","California","Kern County","1",4531,1423,"1",27.1,41328,2
"12031013402","Florida","Duval County","1",4772,1926,"1",32.1,39449,2
"48201312000","Texas","Harris County","1",4089,1267,"0",11.2,120909,2
"6073007600","California","San Diego County","1",5607,2887,"0",14.7,98958,2
"13135050105","Georgia","Gwinnett County","1",3651,1276,"1",16.8,52037,2
"12127090101","Florida","Volusia County","0",4758,1689,"0",17.1,54217,2
"48187210200","Texas","Guadalupe County","1",4528,1474,"1",24.1,40045,2
"21067000900","Kentucky","Fayette County","1",4420,1947,"1",65,40653,2
"55041950100","Wisconsin","Forest County","0",1260,570,"1",12.2,53261,2
"8099000600","Colorado","Prowers County","0",1424,545,"1",16,48800,2
"17031520100","Illinois","Cook County","1",2075,575,"1",13.6,46620,2
"29087960200","Missouri","Holt County","0",1735,773,"0",9.3,64750,2
"12095016508","Florida","Orange County","1",8744,2328,"1",29.3,49925,2
"12073001802","Florida","Leon County","1",5207,2118,"1",23,49722,2
"13089022005","Georgia","DeKalb County","1",3855,1432,"1",31.2,43889,2
"48453000401","Texas","Travis County","1",3574,1730,"1",23.9,109760,2
"48029131100","Texas","Bexar County","1",2438,819,"1",22.3,41176,2
"26107960100","Michigan","Mecosta County","0",2481,999,"0",15.4,55815,2
"48113003400","Texas","Dallas County","1",1146,552,"1",26.5,38099,2
"17191955000","Illinois","Wayne County","0",4360,1712,"1",15.4,55938,2
"54097966800","West Virginia","Upshur County","1",3869,1679,"1",28.7,57895,2
"26021002200","Michigan","Berrien County","1",2682,1003,"1",60.1,21114,2
"31041972000","Nebraska","Custer County","0",1442,604,"0",6.8,68365,2
"51810045415","Virginia","Virginia Beach city","1",1974,618,"0",6.3,79569,2
"20173006100","Kansas","Sedgwick County","1",2929,1013,"1",35,50554,2
"48157675200","Texas","Fort Bend County","1",5623,1927,"1",24.7,52593,2
"29095010204","Missouri","Jackson County","1",4475,1955,"1",30.4,47702,2
"40143008002","Oklahoma","Tulsa County","1",2791,995,"1",29.2,38281,2
"45083021802","South Carolina","Spartanburg County","1",6059,2012,"1",42.2,32375,2
"47125100800","Tennessee","Montgomery County","1",2958,862,"1",45.3,21541,2
"1073000500","Alabama","Jefferson County","1",2864,1190,"1",30.4,39047,2
"27029000300","Minnesota","Clearwater County","0",3183,1318,"1",15,64583,2
"6025011400","California","Imperial County","1",4580,1220,"1",38.6,32428,2
"8041002300","Colorado","El Paso County","1",1546,854,"1",31.6,47500,2
"38001965600","North Dakota","Adams County","0",2343,1098,"0",8.3,72614,2
"12011042700","Florida","Broward County","1",4980,2251,"1",29.3,43868,2
"34021001200","New Jersey","Mercer County","1",3668,1512,"0",11.5,96480,2
"34001011300","New Jersey","Atlantic County","1",4603,1723,"1",10.2,68298,2
"51710003300","Virginia","Norfolk city","1",2651,940,"1",28.1,37802,2
"28035000600","Mississippi","Forrest County","1",7652,2566,"1",41,29158,2
"12057003700","Florida","Hillsborough County","1",2014,390,"1",30.4,28750,2
"21175950100","Kentucky","Morgan County","0",2579,973,"1",27,33083,2
"38015011500","North Dakota","Burleigh County","0",1500,627,"0",6,90313,2
"6087123100","California","Santa Cruz County","1",2638,778,"1",12.9,64276,2
"6013317000","California","Contra Costa County","1",2144,995,"1",10.1,81250,2
"16047960100","Idaho","Gooding County","0",7474,2743,"0",13.6,65827,2
"53043960200","Washington","Lincoln County","0",3115,1239,"0",16.9,76042,2
"30011000300","Montana","Carter County","0",1160,532,"0",13.3,63750,2
"29127960900","Missouri","Marion County","1",3426,1431,"1",19.4,45368,2
"55019950600","Wisconsin","Clark County","0",4797,1664,"0",14.9,62064,2
"24510260403","Maryland","Baltimore city","1",1575,651,"1",28,36534,2
"4019003705","Arizona","Pima County","1",6064,1784,"1",32.5,34679,2
"5119002600","Arkansas","Pulaski County","1",1342,446,"1",35,23603,2
"22017020700","Louisiana","Caddo Parish","1",1111,519,"1",28.7,27708,2
"4013116000","Arizona","Maricopa County","1",5558,1846,"1",25.1,48063,2
"26065002902","Michigan","Ingham County","1",3886,1922,"1",31.2,39722,2
"42017100103","Pennsylvania","Bucks County","1",2402,1045,"1",12.7,71645,2
"37119003201","North Carolina","Mecklenburg County","1",2785,1123,"1",20.3,40441,2
"22071002200","Louisiana","Orleans Parish","1",1058,385,"1",58.8,17153,2
"22079012900","Louisiana","Rapides Parish","1",2616,1004,"1",29.5,34625,2
"39049004900","Ohio","Franklin County","1",5651,2129,"1",45.7,31250,2
"47181950400","Tennessee","Wayne County","0",3077,1267,"1",28.9,42057,2
"5011950500","Arkansas","Bradley County","0",2964,1169,"1",21.5,65000,2
"53011042300","Washington","Clark County","1",2858,1390,"1",20.3,73528,2
"45075011300","South Carolina","Orangeburg County","1",3151,1288,"1",45.2,23429,2
"47093002400","Tennessee","Knox County","1",3644,1521,"1",37.9,31715,2
"26161412600","Michigan","Washtenaw County","1",2523,1471,"1",5.8,54958,2
"12033003400","Florida","Escambia County","1",5187,2234,"0",17.7,56091,2
"51143010700","Virginia","Pittsylvania County","0",1833,774,"1",18.2,59432,2
"26105950500","Michigan","Mason County","1",3560,1480,"0",17.8,56950,2
"22071001302","Louisiana","Orleans Parish","1",1113,402,"1",38.3,27917,2
"22039950500","Louisiana","Evangeline Parish","1",3348,1301,"1",40,24779,2
"6029006004","California","Kern County","0",1601,699,"1",20.7,40156,2
"55073000700","Wisconsin","Marathon County","1",5382,2378,"1",29.2,47045,2
"39009973600","Ohio","Athens County","0",3972,1606,"0",15.3,60536,2
"17029000500","Illinois","Coles County","1",6239,2678,"1",25.7,39939,2
"36001002000","New York","Albany County","1",5771,2414,"1",22.6,50170,2
"10003015400","Delaware","New Castle County","1",3190,1060,"1",25.2,47731,2
"26147621000","Michigan","St. Clair County","1",3684,1365,"1",28.9,50069,2
"45091060901","South Carolina","York County","1",4293,1860,"1",21.2,49269,2
"1063060200","Alabama","Greene County","0",2821,1184,"1",46.5,27167,2
"27135970200","Minnesota","Roseau County","0",2160,885,"0",7.4,73750,2
"34011030200","New Jersey","Cumberland County","1",5578,1992,"1",31.5,41852,2
"24510280301","Maryland","Baltimore city","1",4101,1877,"1",23.3,49909,2
"12105011100","Florida","Polk County","1",3169,1016,"1",45.2,27157,2
"26097950300","Michigan","Mackinac County","0",2021,937,"1",18.6,51875,2
"29087960100","Missouri","Holt County","0",1432,623,"1",15.4,49375,2
"53061053700","Washington","Snohomish County","0",3065,1267,"1",12.2,59696,2
"24033801706","Maryland","Prince George's County","1",1522,527,"1",7,84125,2
"48453002310","Texas","Travis County","1",3242,919,"1",26,45745,2
"37133000800","North Carolina","Onslow County","1",1121,438,"1",5,43005,2
"41059950700","Oregon","Umatilla County","1",2474,1056,"0",10.5,62604,2
"26065005201","Michigan","Ingham County","1",5516,2266,"1",23.4,37415,2
"48113008500","Texas","Dallas County","1",4933,1224,"1",27.2,51417,2
"48113011105","Texas","Dallas County","1",4140,1350,"1",30.1,34489,2
"41057960100","Oregon","Tillamook County","0",3553,1693,"0",7.3,67500,2
"39061003800","Ohio","Hamilton County","1",2434,968,"1",36.3,57750,2
"5087960400","Arkansas","Madison County","0",3295,1368,"1",17.3,53188,2
"47181950100","Tennessee","Wayne County","0",4559,1141,"0",13.6,59693,2
"6105000200","California","Trinity County","0",2281,1003,"1",16.8,57969,2
"36087010702","New York","Rockland County","1",4309,1078,"1",18.3,48431,2
"40143007609","Oklahoma","Tulsa County","1",4779,2235,"1",21.6,34967,2
"42095010700","Pennsylvania","Northampton County","1",4780,1657,"0",7.4,63380,2
"28017950300","Mississippi","Chickasaw County","1",4225,1595,"1",21.8,45081,2
"34029729000","New Jersey","Ocean County","1",2010,831,"0",13.8,78750,2
"39101000200","Ohio","Marion County","1",3425,1224,"1",40.7,28673,2
